{"cameraMode":{"drawMode":0,"name":"Shaded","section":"Shading Mode"},"sceneLighting":false,"audioPlay":false,"sceneViewState":{"showFog":true,"showMaterialUpdate":false,"showSkybox":false,"showFlares":true,"showImageEffects":true,"showParticleSystems":true},"in2DMode":false,"pivot":{"x":411.9250183105469,"y":106.79998779296875,"z":0.0},"rotation":{"x":0.04946720972657204,"y":-0.9145496487617493,"z":0.15320514142513276,"w":0.37105244398117068},"size":2570.68017578125,"orthographic":false}