{"cameraMode":{"drawMode":0,"name":"Shaded","section":"Shading Mode"},"sceneLighting":true,"audioPlay":false,"sceneViewState":{"showFog":true,"showMaterialUpdate":false,"showSkybox":true,"showFlares":true,"showImageEffects":true,"showParticleSystems":true},"in2DMode":false,"pivot":{"x":9.067248344421387,"y":6.372268199920654,"z":-1.7521828413009644},"rotation":{"x":0.018896358087658883,"y":0.9963344931602478,"z":-0.0816112831234932,"w":-0.017326850444078447},"size":41.72796630859375,"orthographic":false}