{"cameraMode":{"drawMode":0,"name":"Shaded","section":"Shading Mode"},"sceneLighting":true,"audioPlay":false,"sceneViewState":{"showFog":true,"showMaterialUpdate":false,"showSkybox":false,"showFlares":true,"showImageEffects":true,"showParticleSystems":true},"in2DMode":false,"pivot":{"x":49.280029296875,"y":-22.580368041992189,"z":36.799774169921878},"rotation":{"x":0.12839466333389283,"y":-0.8576337099075317,"z":0.41241008043289187,"w":0.27910202741622927},"size":78.34232330322266,"orthographic":false}